Sample_ID,Tm,Tpeak_1,Tpeak_2,Tpeak_3,Tpeak_f,Tpeak_1,Tpeak_2,Tpeak_3,TV12,AUC,AUC,FWHM,FWHM,Max,Min,Median,Tm,Tonset,TFM
1a,63.7,63.7,67,73,54,63.7,67,73,67,168.698979892485,168.698979892485,9.5,9.5,14.902679127800214,-0.006307893170012843,1.5190287757744105,63.7,84.9,67.08793514670445
1b,63.6,63.6,67,73,54,63.6,67,73,67,137.0513537006622,137.0513537006622,7.100000000000001,7.100000000000001,14.913097124240132,-0.012336401085080204,0.379358985188344,63.6,80.5,66.33544705070256
